{
  "source": "string",
  "source_id": "string",
  "url": "string",
  "title": "string|null",
  "text": "string",
  "parent_source": "string|null",
  "subsource": "string|null",
  "author": {
    "id": "string",
    "name": "string",
    "handle": "string",
    "gender": "string|null",
    "age": "integer|null",
    "subscribers": "integer|null"
  },
  "country": "string|null",
  "language": "string",
  "metrics": {
    "likes": "integer",
    "comments": "integer",
    "shares": "integer|null"
  },
  "sentiment": "string|null",
  "published_at": "datetime"
}