﻿Feature (Card),Description (Client View),Visualization,Dev Notes,,
Trends (Volume + Velocity),Line graph showing mentions over past 30d + 1y. Simple trendline vs baseline; indicator of increase/decrease. % contribution + trend over time. Toggle by THEMES or SOURCES.,Line graph (time series),"Needs normalized timestamps, counts by theme + source. Toggle logic to switch dimension. Baseline calculation for % change.",,
Topics & Narratives,Ranked list/word cloud of recurring ideas. Includes keyword clusters.,Word cloud + ranked list,"Requires enrichment tags (topics, key_phrases). Weighted by frequency and optionally adjusted by engagement. ",,
High Impact Posts,List of most relevant posts ranked by AI × engagement. Snippet view with click-through to source.,Ranked list (cards),Pulls from enrichment: relevance score + engagement metric + bariatric context. Must expose URL/permalink. Limit to top N (e.g. 10–20).,,
Market SOV,"Share of Voice for Avexitide, Amylyx, GLP-1 drugs, competitor companies. Toggle view by compound vs company.",Circle chart,"Requires entity extraction + normalization (drug ↔ generic, brand ↔ company). Toggle between grouping at treatment vs company level from enrichment/dictionary",,
Adverse Event Reporting,Filterable list of posts flagged as potential adverse events for avexitide. Shows posts where patients report symptoms after taking avexitide. Enables compliance/medical team review.,Filterable list (cards),"Filters posts where flags array contains 'adverse_event'. Displays full post text, author, date, source URL for review. v5+ only (avexitide-specific). NOTE: Future v6 can add alert/notification system for real-time AE monitoring.",,
Chatbot Module,GPT-powered smart search/retrieval connected to Algolia DB. Returns business-aware answers with links + recs.,Embedded chatbot UI,Needs access to enriched DB with full tags (not just dashboard filters). RAG over Algolia index. Must include citations/snippets in output. Uses both enrichment and dictionary tags,,
,,,,,
Bi-Monthly Report Archive,Access the latest TCD reports for viewing and downloading. Comes with a topline executive summary from our social listening expert, File list and intro text card,Dave wants to prioritize for MVP. 1 report for view/download with intro text from Amy. Archive needed after 2nd report has been published,,
